Appointment ID,Doctor ID,Doctor Name,Specialization,Patient ID,Patient Name,Pet Name,Date,Time Slot
A0001,D086,Dr. Frank Taylor,Pediatrics,P0011,Morgan Hall,Rocky,2025-11-03,9:00
A0002,D002,Dr. Diana Miller,Dentistry,P0016,Casey Lee,Lucy,2025-10-29,8:30
A0003,D088,Dr. Jack Brown,Orthopedics,P0017,Morgan Clark,Daisy,2025-11-04,14:00
A0004,D075,Dr. Charlie Taylor,Cardiology,P0019,Jane Doe,Lucy,2025-10-27,11:00
A0005,D087,Dr. Frank Johnson,Pediatrics,P0025,Taylor Clark,Milo,2025-11-03,12:30
A0006,D063,Dr. Alice Miller,Pediatrics,P0026,Taylor Hall,Milo,2025-11-03,13:00
A0007,D031,Dr. Charlie Miller,Veterinary Surgery,P0027,Pat Davis,Buddy,2025-11-04,14:00
A0008,D094,Dr. Grace Smith,Pediatrics,P0029,Alex Clark,Milo,2025-11-05,16:00
A0009,D071,Dr. Ivan Smith,Dentistry,P0031,Alex Lee,Lucy,2025-10-30,13:30
A0010,D029,Dr. Helen Lee,Pediatrics,P0037,Sam Brown,Buddy,2025-10-27,11:30
A0011,D015,Dr. Bob Smith,Dentistry,P0040,Casey Lee,Bella,2025-10-27,11:00
A0012,D008,Dr. Grace Taylor,Cardiology,P0041,Alex Clark,Lucy,2025-11-04,11:30
A0013,D065,Dr. Charlie Johnson,General Medicine,P0043,Alex Brown,Charlie,2025-11-01,11:30
A0014,D016,Dr. Diana Johnson,Dermatology,P0044,Jamie Doe,Milo,2025-10-25,10:30
A0015,D050,Dr. Eve Miller,Pediatrics,P0046,Morgan Brown,Milo,2025-11-05,12:00
A0016,D080,Dr. Frank Smith,Cardiology,P0048,Morgan Doe,Lucy,2025-10-27,9:00
A0017,D044,Dr. Ivan Miller,Dermatology,P0050,John Lee,Daisy,2025-11-03,10:00
A0018,D058,Dr. Bob Taylor,Pediatrics,P0056,Morgan Doe,Milo,2025-10-31,11:00
A0019,D021,Dr. Eve Smith,Cardiology,P0060,Casey Lee,Lucy,2025-11-01,15:00
A0020,D028,Dr. Grace Miller,Pediatrics,P0062,Pat Brown,Max,2025-11-05,14:30
A0021,D013,Dr. Ivan Brown,Dentistry,P0065,Alex Hall,Daisy,2025-11-04,14:30
A0022,D085,Dr. Helen Lee,Cardiology,P0067,Chris Brown,Max,2025-10-30,15:00
A0023,D042,Dr. Alice Taylor,Dermatology,P0073,Taylor Doe,Lucy,2025-11-02,14:00
A0024,D007,Dr. Eve Miller,Veterinary Surgery,P0080,Jamie Clark,Luna,2025-10-29,9:00
A0025,D076,Dr. Bob Johnson,General Medicine,P0081,Sam Lee,Lucy,2025-10-29,12:30
A0026,D072,Dr. Alice Smith,Pediatrics,P0084,Morgan Hall,Daisy,2025-10-31,16:30
A0027,D077,Dr. Alice Brown,General Medicine,P0090,Taylor Hall,Rocky,2025-10-27,16:00
A0028,D073,Dr. Frank Lee,Veterinary Surgery,P0092,Taylor Lee,Max,2025-11-01,10:30
A0029,D092,Dr. Helen Johnson,General Medicine,P0094,Chris Lee,Charlie,2025-11-02,16:00
A0030,D084,Dr. Jack Taylor,Pediatrics,P0106,Jamie Brown,Coco,2025-10-26,10:30
A0031,D074,Dr. Grace Johnson,Dentistry,P0112,Jamie Davis,Charlie,2025-11-01,9:30
A0032,D035,Dr. Grace Miller,Dermatology,P0116,Taylor Lee,Charlie,2025-11-03,8:00
A0033,D026,Dr. Grace Johnson,Dentistry,P0117,Alex Doe,Buddy,2025-11-03,12:00
A0034,D027,Dr. Diana Johnson,Pediatrics,P0128,John Brown,Milo,2025-11-04,11:00
A0035,D082,Dr. Grace Smith,Dermatology,P0130,Sam Davis,Luna,2025-10-27,13:00
A0036,D060,Dr. Alice Smith,Orthopedics,P0131,Alex Lee,Lucy,2025-10-30,11:30
A0037,D039,Dr. Bob Miller,General Medicine,P0136,Alex Brown,Max,2025-10-30,11:00
A0038,D052,Dr. Frank Miller,Cardiology,P0139,Jamie Hall,Coco,2025-11-01,16:00
A0039,D022,Dr. Ivan Smith,General Medicine,P0155,Casey Doe,Luna,2025-10-31,9:30
A0040,D046,Dr. Charlie Smith,Orthopedics,P0158,John Brown,Charlie,2025-10-26,15:30
A0041,D054,Dr. Jack Brown,Dentistry,P0166,Sam Davis,Daisy,2025-11-04,9:30
A0042,D064,Dr. Helen Smith,Veterinary Surgery,P0168,Alex Brown,Lucy,2025-10-30,15:30
A0043,D056,Dr. Frank Taylor,Orthopedics,P0174,Chris Hall,Buddy,2025-11-03,14:30
A0044,D079,Dr. Ivan Smith,Orthopedics,P0181,Sam Lee,Luna,2025-11-03,15:00
A0045,D091,Dr. Grace Johnson,Dentistry,P0193,Pat Doe,Bella,2025-10-29,12:30
A0046,D061,Dr. Charlie Brown,Cardiology,P0199,Chris Doe,Rocky,2025-11-04,15:30
A0047,D096,Dr. Grace Miller,General Medicine,P0200,Morgan Doe,Rocky,2025-11-05,16:00
A0048,D041,Dr. Diana Lee,Veterinary Surgery,P0201,Sam Davis,Max,2025-10-27,16:00
A0049,D014,Dr. Frank Smith,Dermatology,P0203,Casey Brown,Milo,2025-11-01,15:30
A0050,D011,Dr. Eve Lee,Dentistry,P0208,Alex Brown,Bella,2025-10-26,13:00
A0051,D025,Dr. Eve Smith,General Medicine,P0209,Jamie Hall,Charlie,2025-11-02,10:30
A0052,D017,Dr. Charlie Smith,Veterinary Surgery,P0210,Chris Doe,Rocky,2025-10-31,12:30
A0053,D006,Dr. Alice Johnson,Pediatrics,P0221,Casey Brown,Rocky,2025-11-03,14:00
A0054,D045,Dr. Alice Miller,Veterinary Surgery,P0223,Taylor Clark,Bella,2025-10-29,15:30
A0055,D090,Dr. Bob Johnson,General Medicine,P0227,Pat Clark,Rocky,2025-10-25,8:00
A0056,D049,Dr. Diana Johnson,General Medicine,P0229,Sam Clark,Buddy,2025-11-05,13:30
A0057,D062,Dr. Helen Johnson,Veterinary Surgery,P0232,Jamie Doe,Milo,2025-10-26,15:30
A0058,D043,Dr. Jack Johnson,Pediatrics,P0235,Alex Brown,Rocky,2025-10-27,13:30
A0059,D003,Dr. Bob Johnson,General Medicine,P0237,John Hall,Buddy,2025-10-28,13:30
A0060,D024,Dr. Bob Lee,General Medicine,P0245,Taylor Davis,Bella,2025-11-01,8:00
A0061,D078,Dr. Jack Taylor,Cardiology,P0259,Sam Clark,Coco,2025-10-25,15:00
A0062,D059,Dr. Bob Johnson,General Medicine,P0264,Taylor Doe,Milo,2025-11-02,15:30
A0063,D036,Dr. Diana Lee,Orthopedics,P0265,Morgan Hall,Buddy,2025-11-05,13:30
A0064,D101,Dr. Olivia Green,Cardiology,P0275,Casey Hall,Luna,2025-10-29,10:30
A0065,D019,Dr. Diana Taylor,Orthopedics,P0279,Taylor Clark,Coco,2025-10-28,12:30
A0066,D051,Dr. Jack Taylor,Cardiology,P0280,Sam Lee,Daisy,2025-11-03,9:00
A0067,D033,Dr. Bob Brown,Dermatology,P0288,Alex Brown,Rocky,2025-10-26,14:30
A0068,D005,Dr. Bob Taylor,Dentistry,P0302,Taylor Davis,Bella,2025-10-27,14:30
A0069,D047,Dr. Jack Taylor,General Medicine,P0307,Jane Doe,Max,2025-10-27,13:00
A0070,D099,Dr. Helen Miller,Pediatrics,P0312,Casey Hall,Milo,2025-10-25,10:30
A0071,D098,Dr. Eve Miller,Cardiology,P0320,Alex Doe,Lucy,2025-10-26,10:30
A0072,D095,Dr. Charlie Miller,Pediatrics,P0326,Sam Davis,Lucy,2025-10-26,9:30
A0073,D023,Dr. Frank Taylor,General Medicine,P0329,John Davis,Lucy,2025-10-25,10:00
A0074,D068,Dr. Grace Johnson,Cardiology,P0337,Alex Doe,Charlie,2025-11-04,13:30
A0075,D032,Dr. Helen Lee,Orthopedics,P0339,Sam Davis,Buddy,2025-10-29,9:00
A0076,D053,Dr. Ivan Lee,Pediatrics,P0346,Morgan Hall,Buddy,2025-10-28,12:00
A0077,D034,Dr. Jack Lee,Pediatrics,P0352,Morgan Davis,Coco,2025-10-31,11:30
A0078,D066,Dr. Eve Taylor,Pediatrics,P0353,Chris Hall,Max,2025-11-04,14:30
A0079,D093,Dr. Ivan Smith,Orthopedics,P0366,Jane Brown,Milo,2025-10-27,9:00
A0080,D010,Dr. Diana Taylor,Cardiology,P0369,Casey Doe,Daisy,2025-11-05,9:30
A0081,D081,Dr. Grace Smith,Pediatrics,P0370,Chris Hall,Lucy,2025-11-03,8:30
A0082,D012,Dr. Bob Miller,Dentistry,P0373,Casey Brown,Daisy,2025-10-28,16:30
A0083,D057,Dr. Diana Taylor,Pediatrics,P0377,Taylor Lee,Coco,2025-10-30,10:00
A0084,D040,Dr. Frank Miller,General Medicine,P0381,Jane Brown,Rocky,2025-11-01,9:30
A0085,D070,Dr. Charlie Taylor,Orthopedics,P0390,Chris Hall,Buddy,2025-11-04,11:30
A0086,D055,Dr. Helen Miller,Orthopedics,P0392,Sam Clark,Lucy,2025-10-31,10:00
A0087,D038,Dr. Jack Miller,Dentistry,P0398,Pat Clark,Luna,2025-10-25,8:30
A0088,D020,Dr. Bob Brown,Orthopedics,P0401,Jane Hall,Lucy,2025-11-02,12:00
A0089,D018,Dr. Diana Miller,Dentistry,P0404,Casey Lee,Bella,2025-10-27,8:30
A0090,D067,Dr. Charlie Smith,Cardiology,P0407,Taylor Davis,Buddy,2025-10-28,10:00
A0091,D037,Dr. Alice Smith,Dermatology,P0408,Morgan Davis,Buddy,2025-11-03,9:30
A0092,D083,Dr. Frank Johnson,Dentistry,P0413,Jamie Lee,Rocky,2025-10-28,10:30
A0093,D009,Dr. Ivan Smith,General Medicine,P0450,Sam Brown,Milo,2025-11-04,15:30
A0094,D048,Dr. Charlie Brown,Dermatology,P0452,Jane Davis,Lucy,2025-10-28,12:30
A0095,D001,Dr. Bob Smith,Dentistry,P0461,Chris Davis,Max,2025-10-26,9:30
A0096,D030,Dr. Diana Lee,Veterinary Surgery,P0469,Jane Clark,Lucy,2025-10-31,11:00
A0097,D004,Dr. Bob Smith,Dentistry,P0472,Taylor Brown,Coco,2025-10-26,13:30
A0098,D089,Dr. Charlie Miller,Dentistry,P0479,Morgan Davis,Milo,2025-11-02,13:00
A0099,D100,Dr. Ivan Lee,Orthopedics,P0488,Pat Hall,Lucy,2025-10-30,16:00
A0100,D097,Dr. Jack Lee,Dermatology,P0497,Jamie Doe,Daisy,2025-10-26,11:30
A0101,D069,Dr. Alice Johnson,Dermatology,P0499,Casey Clark,Lucy,2025-11-04,14:00
