Patient ID,Name,Pet Name,Preferred Dates,Preferred Time Slots
P0001,Morgan Davis,Daisy,"['2025-11-02', '2025-10-29', '2025-10-26', '2025-10-31']","['14:30', '10:30']"
P0002,Casey Lee,Luna,"['2025-10-26', '2025-10-30']","['12:30', '15:00', '14:30', '9:00']"
P0003,Morgan Lee,Daisy,"['2025-11-05', '2025-10-30']","['12:00', '8:30', '9:00', '13:00', '15:00']"
P0004,Sam Lee,Milo,"['2025-10-25', '2025-10-27', '2025-11-03']","['8:30', '10:00', '9:00', '9:30', '14:00']"
P0005,Taylor Lee,Rocky,"['2025-11-03', '2025-10-27']","['13:30', '16:30', '15:00', '14:00', '8:30']"
P0006,Jamie Brown,Milo,"['2025-10-31', '2025-10-30', '2025-10-29', '2025-10-28']","['8:00', '10:30']"
P0007,Morgan Hall,Rocky,"['2025-10-29', '2025-11-05']","['11:00', '12:30', '15:30', '9:30', '8:30']"
P0008,Chris Doe,Daisy,"['2025-11-05', '2025-11-01', '2025-10-26']","['13:30', '9:00', '12:30', '15:00']"
P0009,Pat Brown,Charlie,"['2025-11-02', '2025-10-28', '2025-10-26', '2025-11-04']","['11:30', '15:30', '8:00']"
P0010,Taylor Hall,Coco,"['2025-11-01', '2025-11-02', '2025-10-27', '2025-10-26']","['12:30', '14:00']"
P0011,Morgan Hall,Rocky,"['2025-11-03', '2025-10-26', '2025-10-27', '2025-10-30', '2025-11-04']","['15:00', '16:00', '13:30', '9:00', '14:30']"
P0012,Casey Davis,Coco,"['2025-10-27', '2025-10-31', '2025-11-02']","['9:30', '16:00']"
P0013,Chris Lee,Charlie,"['2025-10-30', '2025-10-28', '2025-11-05']","['9:00', '12:00', '11:00', '13:00']"
P0014,Casey Lee,Charlie,"['2025-11-03', '2025-11-02', '2025-10-26', '2025-11-04']","['10:00', '10:30', '13:00']"
P0015,Jamie Doe,Buddy,"['2025-10-25', '2025-11-04']","['11:00', '14:30', '8:00', '11:30']"
P0016,Casey Lee,Lucy,"['2025-10-28', '2025-11-04', '2025-10-31', '2025-10-29', '2025-11-01']","['8:30', '10:30']"
P0017,Morgan Clark,Daisy,"['2025-10-28', '2025-10-30', '2025-11-03', '2025-10-27', '2025-11-04']","['13:30', '14:00', '10:00', '16:00']"
P0018,Taylor Hall,Milo,"['2025-10-30', '2025-10-28']","['9:30', '12:00', '15:00', '16:30', '9:00']"
P0019,Jane Doe,Lucy,"['2025-11-03', '2025-10-31', '2025-10-28', '2025-10-27', '2025-10-30']","['11:00', '10:30', '15:30', '12:00']"
P0020,Morgan Clark,Lucy,"['2025-10-25', '2025-10-26', '2025-10-31', '2025-11-02', '2025-11-01']","['11:00', '13:30', '8:30']"
P0021,John Lee,Daisy,"['2025-10-29', '2025-11-02', '2025-10-25', '2025-10-26', '2025-10-31']","['12:00', '13:30', '14:00']"
P0022,Taylor Doe,Rocky,"['2025-11-03', '2025-11-02']","['13:30', '12:30', '9:00']"
P0023,Sam Hall,Daisy,"['2025-11-03', '2025-11-04', '2025-11-05', '2025-10-26']","['9:30', '14:00', '13:30']"
P0024,Taylor Hall,Luna,"['2025-10-28', '2025-11-03', '2025-11-02']","['16:00', '8:30', '16:30', '8:00', '9:00']"
P0025,Taylor Clark,Milo,"['2025-10-27', '2025-11-03', '2025-11-02', '2025-11-05', '2025-10-30']","['10:30', '14:00', '12:30', '15:30']"
P0026,Taylor Hall,Milo,"['2025-11-05', '2025-11-03', '2025-10-29', '2025-11-01', '2025-10-25']","['13:00', '9:30', '14:30', '12:30']"
P0027,Pat Davis,Buddy,"['2025-10-29', '2025-11-04', '2025-11-03', '2025-10-28', '2025-10-25']","['10:30', '16:00', '14:00', '9:00', '14:30']"
P0028,Alex Doe,Coco,"['2025-10-28', '2025-10-25']","['13:00', '14:30', '10:00', '11:00', '13:30']"
P0029,Alex Clark,Milo,"['2025-11-05', '2025-10-25', '2025-10-27', '2025-11-02', '2025-10-28']","['15:30', '16:00', '14:00', '10:30']"
P0030,Chris Clark,Milo,"['2025-11-02', '2025-10-30', '2025-10-29', '2025-11-01']","['11:30', '12:00', '12:30']"
P0031,Alex Lee,Lucy,"['2025-11-05', '2025-11-01', '2025-10-30']","['13:30', '12:00', '12:30', '8:30', '15:30']"
P0032,Casey Clark,Rocky,"['2025-10-27', '2025-10-29', '2025-10-25', '2025-11-04']","['13:30', '15:00']"
P0033,Pat Davis,Daisy,"['2025-10-28', '2025-11-02', '2025-10-29']","['10:00', '9:30', '11:30', '16:00']"
P0034,John Davis,Milo,"['2025-11-04', '2025-10-28', '2025-10-25']","['14:30', '13:00']"
P0035,Morgan Doe,Charlie,"['2025-11-02', '2025-10-27']","['15:30', '16:30', '11:00', '14:00', '10:00']"
P0036,Taylor Lee,Buddy,"['2025-11-04', '2025-11-03']","['16:30', '8:30', '10:30']"
P0037,Sam Brown,Buddy,"['2025-11-01', '2025-10-27', '2025-10-29', '2025-10-25', '2025-11-02']","['9:30', '13:00', '12:30', '11:30']"
P0038,Casey Hall,Daisy,"['2025-11-02', '2025-11-01', '2025-10-29']","['9:30', '13:00', '10:30']"
P0039,Morgan Davis,Lucy,"['2025-10-25', '2025-10-30', '2025-10-29']","['10:30', '14:00', '14:30']"
P0040,Casey Lee,Bella,"['2025-11-04', '2025-10-26', '2025-10-27', '2025-11-03', '2025-11-01']","['11:30', '8:00', '12:00', '11:00']"
P0041,Alex Clark,Lucy,"['2025-10-29', '2025-11-03', '2025-11-04', '2025-10-25']","['13:30', '11:30', '8:30', '13:00']"
P0042,Jane Clark,Lucy,"['2025-10-31', '2025-11-04', '2025-11-02']","['9:30', '12:30', '13:30', '16:00']"
P0043,Alex Brown,Charlie,"['2025-10-27', '2025-11-01', '2025-11-03', '2025-10-30', '2025-10-31']","['16:30', '11:00', '11:30', '13:00', '14:00']"
P0044,Jamie Doe,Milo,"['2025-11-02', '2025-10-30', '2025-10-26', '2025-11-03', '2025-10-25']","['16:30', '10:00', '10:30']"
P0045,Taylor Hall,Daisy,"['2025-11-04', '2025-10-28']","['9:00', '16:00', '15:00', '14:00', '8:00']"
P0046,Morgan Brown,Milo,"['2025-11-01', '2025-11-03', '2025-10-25', '2025-11-02', '2025-11-05']","['8:00', '14:00', '12:00', '14:30']"
P0047,John Davis,Max,"['2025-10-25', '2025-10-31']","['9:00', '8:30', '16:30', '15:00']"
P0048,Morgan Doe,Lucy,"['2025-10-27', '2025-11-05', '2025-10-31', '2025-10-30', '2025-11-03']","['14:00', '16:30', '9:00', '13:00', '15:00']"
P0049,Casey Brown,Luna,"['2025-10-27', '2025-11-02']","['16:00', '10:00', '11:30', '14:30', '8:00']"
P0050,John Lee,Daisy,"['2025-11-02', '2025-10-31', '2025-10-28', '2025-11-03', '2025-11-01']","['10:00', '12:00', '11:00', '15:00']"
P0051,Jane Doe,Rocky,"['2025-10-28', '2025-11-05']","['9:30', '8:30']"
P0052,Morgan Hall,Buddy,"['2025-11-05', '2025-10-25', '2025-10-31']","['11:30', '11:00', '8:30', '9:00', '12:00']"
P0053,Pat Brown,Coco,"['2025-11-03', '2025-11-05', '2025-10-30', '2025-10-28']","['10:00', '16:00', '11:30', '11:00']"
P0054,Pat Lee,Buddy,"['2025-11-04', '2025-11-05', '2025-10-31']","['8:30', '13:30', '14:00', '15:30', '12:00']"
P0055,Taylor Davis,Rocky,"['2025-10-27', '2025-10-29', '2025-10-31', '2025-11-05', '2025-11-01']","['11:30', '12:30', '10:00']"
P0056,Morgan Doe,Milo,"['2025-10-31', '2025-11-02', '2025-11-04', '2025-10-27', '2025-11-05']","['12:00', '11:00', '13:00']"
P0057,Jane Clark,Luna,"['2025-11-02', '2025-10-28']","['12:00', '14:00']"
P0058,Jamie Hall,Buddy,"['2025-10-28', '2025-11-03']","['15:30', '11:00', '13:00']"
P0059,Pat Doe,Max,"['2025-11-05', '2025-10-26', '2025-11-01']","['11:00', '14:00', '11:30']"
P0060,Casey Lee,Lucy,"['2025-11-01', '2025-11-02', '2025-10-30', '2025-10-29', '2025-11-04']","['16:00', '15:30', '15:00', '8:30']"
P0061,Morgan Lee,Max,"['2025-10-30', '2025-10-31', '2025-10-25', '2025-10-28']","['8:00', '12:00', '14:30']"
P0062,Pat Brown,Max,"['2025-10-28', '2025-10-31', '2025-11-03', '2025-11-05']","['16:30', '13:00', '12:00', '14:00', '14:30']"
P0063,Morgan Davis,Daisy,"['2025-10-27', '2025-10-30', '2025-11-05', '2025-11-03', '2025-11-01']","['16:30', '8:30', '16:00']"
P0064,Jane Davis,Buddy,"['2025-10-31', '2025-10-27']","['9:00', '10:00', '8:00']"
P0065,Alex Hall,Daisy,"['2025-10-25', '2025-11-03', '2025-11-04', '2025-11-01']","['8:00', '16:30', '14:30', '16:00', '15:00']"
P0066,Casey Davis,Lucy,"['2025-10-25', '2025-11-02', '2025-10-31', '2025-10-27']","['9:30', '16:00']"
P0067,Chris Brown,Max,"['2025-10-30', '2025-10-29', '2025-10-31', '2025-10-26']","['14:00', '15:00', '11:30', '13:30']"
P0068,Alex Lee,Bella,"['2025-10-26', '2025-10-31']","['14:00', '15:30', '8:30', '13:00', '8:00']"
P0069,Chris Doe,Daisy,"['2025-11-04', '2025-10-30', '2025-11-03', '2025-10-26', '2025-10-25']","['11:00', '15:30', '12:00']"
P0070,John Doe,Lucy,"['2025-10-27', '2025-10-30']","['11:00', '10:00']"
P0071,Sam Doe,Lucy,"['2025-11-03', '2025-10-28', '2025-11-05']","['16:30', '13:00', '14:00', '15:30', '13:30']"
P0072,Chris Davis,Bella,"['2025-10-25', '2025-10-26', '2025-10-31', '2025-10-28']","['13:00', '14:00']"
P0073,Taylor Doe,Lucy,"['2025-11-01', '2025-10-28', '2025-10-30', '2025-11-02', '2025-10-31']","['10:30', '14:00', '9:00', '16:00', '12:30']"
P0074,Pat Brown,Bella,"['2025-10-29', '2025-10-27']","['10:00', '14:00', '13:00', '10:30', '8:30']"
P0075,Jane Doe,Lucy,"['2025-10-30', '2025-10-29', '2025-10-26', '2025-10-27', '2025-11-03']","['14:30', '15:00', '16:30']"
P0076,Jane Doe,Bella,"['2025-11-02', '2025-10-26', '2025-11-03', '2025-10-30']","['8:00', '12:30', '14:30', '11:00', '14:00']"
P0077,Jane Davis,Milo,"['2025-11-03', '2025-11-02', '2025-10-27']","['10:30', '10:00', '12:00', '16:00', '15:00']"
P0078,Morgan Brown,Bella,"['2025-10-31', '2025-10-29', '2025-11-05']","['15:30', '9:00', '13:30', '10:00']"
P0079,Alex Davis,Daisy,"['2025-11-01', '2025-10-26', '2025-10-27']","['8:00', '14:00', '13:00', '14:30']"
P0080,Jamie Clark,Luna,"['2025-10-30', '2025-10-31', '2025-11-03', '2025-10-27', '2025-10-29']","['11:00', '15:30', '13:00', '9:00']"
P0081,Sam Lee,Lucy,"['2025-11-03', '2025-10-28', '2025-10-30', '2025-10-31', '2025-10-29']","['13:30', '9:30', '11:00', '12:30', '12:00']"
P0082,Chris Davis,Milo,"['2025-11-05', '2025-11-01']","['15:00', '12:30', '9:00']"
P0083,Sam Davis,Daisy,"['2025-11-04', '2025-10-29', '2025-10-28']","['10:00', '14:30', '14:00', '8:30']"
P0084,Morgan Hall,Daisy,"['2025-11-02', '2025-11-05', '2025-10-31', '2025-11-04', '2025-10-25']","['16:30', '9:00', '9:30', '14:00']"
P0085,Alex Davis,Luna,"['2025-11-04', '2025-11-03', '2025-10-25']","['13:00', '14:30', '9:30', '8:00', '8:30']"
P0086,Pat Brown,Milo,"['2025-11-01', '2025-10-30', '2025-10-31']","['16:00', '10:00', '13:30', '8:00', '11:30']"
P0087,Jane Lee,Rocky,"['2025-10-26', '2025-10-27']","['12:30', '13:00', '15:00', '14:00']"
P0088,Alex Hall,Daisy,"['2025-11-01', '2025-10-26', '2025-11-05', '2025-11-03']","['9:00', '12:30', '8:30', '14:00']"
P0089,Jane Doe,Luna,"['2025-11-04', '2025-10-27']","['16:00', '10:30', '16:30']"
P0090,Taylor Hall,Rocky,"['2025-10-28', '2025-10-31', '2025-10-27', '2025-11-03', '2025-11-04']","['8:00', '11:00', '15:00', '12:30', '16:00']"
P0091,Sam Doe,Max,"['2025-10-29', '2025-10-26', '2025-11-03']","['16:30', '10:30']"
P0092,Taylor Lee,Max,"['2025-10-26', '2025-10-29', '2025-11-01', '2025-11-02', '2025-10-30']","['14:00', '9:30', '13:30', '10:30', '14:30']"
P0093,Morgan Hall,Charlie,"['2025-11-03', '2025-11-05', '2025-10-26', '2025-10-27']","['9:30', '11:30', '12:30', '8:30']"
P0094,Chris Lee,Charlie,"['2025-10-31', '2025-11-03', '2025-10-27', '2025-11-05', '2025-11-02']","['15:30', '10:30', '16:00']"
P0095,Morgan Lee,Charlie,"['2025-10-30', '2025-11-01', '2025-11-03']","['13:30', '8:00']"
P0096,Morgan Brown,Max,"['2025-11-02', '2025-11-05', '2025-11-01', '2025-10-31', '2025-11-03']","['15:00', '15:30', '10:30', '8:30', '12:30']"
P0097,John Brown,Lucy,"['2025-10-29', '2025-10-28']","['10:30', '15:00', '15:30', '12:00']"
P0098,Casey Doe,Coco,"['2025-10-29', '2025-11-02']","['16:30', '8:30', '15:00', '12:00']"
P0099,Alex Clark,Bella,"['2025-10-29', '2025-10-25', '2025-11-01']","['13:30', '9:00', '15:00', '14:30']"
P0100,Jane Brown,Max,"['2025-11-05', '2025-11-03', '2025-10-31', '2025-10-27']","['11:00', '16:30', '8:30']"
P0101,Jamie Lee,Milo,"['2025-11-03', '2025-11-02', '2025-10-27', '2025-10-30']","['12:30', '12:00', '9:30', '9:00']"
P0102,Sam Doe,Lucy,"['2025-11-05', '2025-10-27', '2025-10-28']","['13:00', '11:30', '14:00']"
P0103,Morgan Brown,Coco,"['2025-11-04', '2025-10-31', '2025-11-05', '2025-11-01']","['9:00', '14:00']"
P0104,Casey Davis,Lucy,"['2025-11-01', '2025-11-05', '2025-10-30', '2025-10-25']","['15:00', '13:30']"
P0105,Jane Hall,Rocky,"['2025-10-31', '2025-10-28', '2025-11-01']","['13:00', '12:30', '16:30', '12:00']"
P0106,Jamie Brown,Coco,"['2025-10-30', '2025-11-04', '2025-10-25', '2025-11-03', '2025-10-26']","['8:00', '9:30', '10:30', '11:30', '15:00']"
P0107,John Clark,Max,"['2025-11-04', '2025-10-29', '2025-10-27']","['9:00', '13:30', '12:00', '8:30']"
P0108,Taylor Davis,Charlie,"['2025-10-31', '2025-11-04']","['11:30', '14:30', '9:00', '13:30']"
P0109,Jane Doe,Max,"['2025-10-26', '2025-10-27', '2025-11-03', '2025-10-28', '2025-11-01']","['8:00', '13:00']"
P0110,Jane Clark,Charlie,"['2025-10-26', '2025-10-28', '2025-10-31', '2025-11-05', '2025-11-02']","['13:00', '13:30']"
P0111,Pat Brown,Rocky,"['2025-11-04', '2025-11-05', '2025-10-27']","['16:00', '8:00']"
P0112,Jamie Davis,Charlie,"['2025-10-30', '2025-10-28', '2025-10-27', '2025-10-31', '2025-11-01']","['9:00', '9:30', '10:00']"
P0113,Jane Hall,Rocky,"['2025-10-31', '2025-10-30', '2025-10-27', '2025-10-28']","['9:00', '11:30', '12:30', '14:00']"
P0114,John Davis,Lucy,"['2025-11-02', '2025-11-03', '2025-11-05']","['14:00', '12:30', '8:30']"
P0115,Alex Clark,Rocky,"['2025-10-28', '2025-11-01']","['16:00', '8:00']"
P0116,Taylor Lee,Charlie,"['2025-11-03', '2025-10-31', '2025-10-30', '2025-11-02', '2025-10-27']","['9:00', '8:00', '16:30', '16:00', '10:00']"
P0117,Alex Doe,Buddy,"['2025-11-02', '2025-10-29', '2025-11-05', '2025-10-31', '2025-11-03']","['9:00', '10:00', '12:00', '8:30', '16:00']"
P0118,Jane Hall,Max,"['2025-11-02', '2025-10-30', '2025-10-31']","['12:30', '14:30']"
P0119,Alex Doe,Max,"['2025-10-31', '2025-10-26']","['8:30', '12:30', '10:30', '16:30', '8:00']"
P0120,Chris Davis,Buddy,"['2025-11-01', '2025-10-30', '2025-11-02']","['10:30', '13:30', '10:00', '16:00']"
P0121,Pat Davis,Bella,"['2025-10-30', '2025-10-31']","['16:00', '9:00', '12:00', '13:30']"
P0122,Jamie Davis,Bella,"['2025-11-01', '2025-11-02', '2025-10-30', '2025-10-25', '2025-11-05']","['13:30', '10:30', '12:00']"
P0123,Jane Hall,Bella,"['2025-11-05', '2025-11-02', '2025-10-25']","['8:00', '11:30']"
P0124,John Clark,Luna,"['2025-10-27', '2025-11-05', '2025-10-25', '2025-11-02', '2025-10-31']","['13:00', '11:30', '14:30']"
P0125,Taylor Lee,Bella,"['2025-10-26', '2025-11-02', '2025-10-25', '2025-10-27']","['16:00', '8:30', '14:00']"
P0126,Jane Clark,Lucy,"['2025-10-30', '2025-10-26', '2025-11-02', '2025-11-01']","['13:30', '11:00']"
P0127,Pat Hall,Lucy,"['2025-11-01', '2025-10-30', '2025-11-03']","['11:00', '11:30', '10:00', '8:00', '16:30']"
P0128,John Brown,Milo,"['2025-11-04', '2025-10-25', '2025-10-30', '2025-11-05']","['12:30', '9:30', '11:00', '12:00', '16:00']"
P0129,Sam Clark,Buddy,"['2025-11-05', '2025-10-29', '2025-10-26']","['11:30', '16:00']"
P0130,Sam Davis,Luna,"['2025-11-05', '2025-10-26', '2025-11-03', '2025-11-04', '2025-10-27']","['9:00', '8:30', '14:30', '13:00', '16:30']"
P0131,Alex Lee,Lucy,"['2025-10-31', '2025-10-30', '2025-11-04', '2025-11-01']","['11:30', '9:00', '11:00', '16:00']"
P0132,Jamie Doe,Charlie,"['2025-10-27', '2025-11-01']","['13:00', '14:30', '9:30', '12:00', '10:30']"
P0133,Alex Clark,Lucy,"['2025-10-29', '2025-10-26', '2025-11-04', '2025-10-27', '2025-11-05']","['11:00', '13:00']"
P0134,Chris Doe,Max,"['2025-10-31', '2025-11-02', '2025-10-25', '2025-10-29']","['10:30', '8:00', '14:00', '14:30']"
P0135,Morgan Hall,Milo,"['2025-10-26', '2025-11-01', '2025-11-05']","['9:30', '8:00', '8:30']"
P0136,Alex Brown,Max,"['2025-10-30', '2025-11-04', '2025-10-26', '2025-10-29', '2025-11-03']","['9:00', '11:00']"
P0137,Morgan Brown,Bella,"['2025-10-26', '2025-10-25', '2025-11-01', '2025-11-04']","['14:30', '14:00', '15:30']"
P0138,John Clark,Rocky,"['2025-10-30', '2025-10-28', '2025-10-27']","['12:00', '15:00', '10:00', '8:00']"
P0139,Jamie Hall,Coco,"['2025-11-04', '2025-10-29', '2025-11-01']","['16:30', '15:30', '8:30', '16:00', '10:00']"
P0140,Sam Brown,Rocky,"['2025-11-04', '2025-11-02', '2025-10-28']","['14:00', '13:30']"
P0141,Morgan Hall,Daisy,"['2025-11-03', '2025-11-02', '2025-10-30', '2025-10-31']","['10:30', '8:00', '13:00', '12:30']"
P0142,Alex Doe,Lucy,"['2025-11-01', '2025-11-02']","['11:30', '10:30', '9:30', '15:30']"
P0143,Alex Lee,Milo,"['2025-10-28', '2025-11-03']","['13:30', '10:30', '16:00', '9:30', '12:30']"
P0144,Taylor Davis,Luna,"['2025-11-05', '2025-10-30']","['11:00', '15:30', '12:30']"
P0145,Chris Clark,Buddy,"['2025-10-25', '2025-10-28']","['8:00', '16:00', '15:30']"
P0146,John Lee,Coco,"['2025-10-27', '2025-10-30', '2025-11-05']","['8:30', '8:00', '10:00', '12:30']"
P0147,Chris Doe,Milo,"['2025-10-26', '2025-10-30', '2025-10-31', '2025-11-05']","['12:30', '13:00', '10:00', '9:00']"
P0148,Sam Davis,Daisy,"['2025-10-27', '2025-11-02', '2025-11-03', '2025-10-30']","['10:30', '14:00', '12:30']"
P0149,Pat Brown,Charlie,"['2025-11-05', '2025-11-03']","['8:30', '10:30', '13:00', '15:00', '14:00']"
P0150,Jamie Brown,Coco,"['2025-11-01', '2025-10-27']","['9:00', '11:30', '13:30', '10:30']"
P0151,Chris Davis,Bella,"['2025-11-01', '2025-10-25', '2025-10-29', '2025-10-28']","['9:00', '13:30', '12:00']"
P0152,Jane Davis,Buddy,"['2025-10-31', '2025-11-01']","['10:30', '14:30', '15:30', '15:00', '11:00']"
P0153,Taylor Hall,Rocky,"['2025-11-01', '2025-11-03']","['10:30', '15:00', '9:00']"
P0154,John Lee,Buddy,"['2025-10-29', '2025-10-26', '2025-11-04', '2025-10-30']","['14:00', '10:30', '9:00']"
P0155,Casey Doe,Luna,"['2025-11-05', '2025-10-25', '2025-10-31', '2025-10-27', '2025-11-03']","['8:30', '9:30', '13:00']"
P0156,Alex Brown,Rocky,"['2025-11-04', '2025-10-29', '2025-11-05', '2025-10-28']","['8:30', '14:00']"
P0157,Jamie Hall,Daisy,"['2025-10-25', '2025-10-30', '2025-11-05']","['9:00', '12:30', '15:30', '9:30', '8:30']"
P0158,John Brown,Charlie,"['2025-10-26', '2025-11-01', '2025-11-05', '2025-10-29']","['15:30', '16:30', '12:00', '8:30', '13:00']"
P0159,Casey Clark,Charlie,"['2025-10-31', '2025-10-30', '2025-10-27', '2025-11-01']","['12:00', '15:00']"
P0160,Morgan Lee,Max,"['2025-11-03', '2025-10-25', '2025-10-27', '2025-10-26']","['13:30', '14:30']"
P0161,Jamie Brown,Milo,"['2025-10-31', '2025-11-02']","['16:30', '15:30', '11:30', '16:00', '10:00']"
P0162,Jane Clark,Buddy,"['2025-10-26', '2025-11-01', '2025-10-27']","['11:00', '16:30', '10:00']"
P0163,John Clark,Bella,"['2025-10-28', '2025-11-04', '2025-10-27', '2025-10-29', '2025-10-30']","['9:00', '14:00']"
P0164,Casey Clark,Milo,"['2025-10-29', '2025-11-02', '2025-11-01', '2025-10-25']","['9:30', '14:30', '10:00', '9:00', '12:30']"
P0165,Jamie Hall,Bella,"['2025-11-03', '2025-10-26']","['16:30', '13:30', '14:30', '10:00']"
P0166,Sam Davis,Daisy,"['2025-10-25', '2025-10-27', '2025-10-29', '2025-10-31', '2025-11-04']","['8:30', '14:00', '13:00', '13:30', '9:30']"
P0167,John Davis,Daisy,"['2025-10-30', '2025-10-25', '2025-11-05', '2025-10-29']","['12:00', '15:30', '9:30', '14:30']"
P0168,Alex Brown,Lucy,"['2025-10-30', '2025-10-29', '2025-10-31', '2025-10-26', '2025-10-28']","['11:00', '14:30', '15:30', '14:00', '12:00']"
P0169,Taylor Doe,Milo,"['2025-10-26', '2025-10-29', '2025-11-02']","['10:00', '16:00', '8:00', '9:00', '9:30']"
P0170,Alex Doe,Max,"['2025-11-01', '2025-10-25']","['11:00', '12:00', '13:30', '14:30']"
P0171,Morgan Hall,Rocky,"['2025-11-04', '2025-10-25']","['13:30', '15:30', '15:00']"
P0172,Chris Clark,Coco,"['2025-10-30', '2025-10-27', '2025-10-29', '2025-10-26']","['8:00', '14:00', '8:30', '9:00']"
P0173,Jamie Brown,Max,"['2025-11-04', '2025-10-28', '2025-10-29']","['16:00', '8:00', '16:30', '11:30', '9:00']"
P0174,Chris Hall,Buddy,"['2025-10-29', '2025-11-03', '2025-11-05']","['14:30', '14:00', '13:30', '11:30']"
P0175,Pat Brown,Daisy,"['2025-11-04', '2025-11-02', '2025-11-03', '2025-10-31']","['8:00', '16:00']"
P0176,Taylor Hall,Coco,"['2025-10-29', '2025-11-04', '2025-10-26', '2025-11-01']","['13:00', '12:00']"
P0177,Taylor Lee,Lucy,"['2025-10-28', '2025-10-27', '2025-11-02', '2025-11-05']","['14:00', '13:00']"
P0178,Chris Davis,Buddy,"['2025-10-29', '2025-11-05', '2025-10-31', '2025-11-03', '2025-11-02']","['11:00', '13:00']"
P0179,Alex Davis,Milo,"['2025-11-04', '2025-10-30', '2025-11-02', '2025-10-29', '2025-10-27']","['12:30', '9:30', '15:30']"
P0180,Chris Davis,Lucy,"['2025-11-04', '2025-10-30', '2025-10-26']","['13:30', '11:30', '12:30']"
P0181,Sam Lee,Luna,"['2025-11-03', '2025-10-29', '2025-11-01', '2025-10-26']","['8:30', '9:00', '15:30', '15:00', '9:30']"
P0182,Casey Doe,Rocky,"['2025-10-31', '2025-10-25', '2025-10-27', '2025-11-03']","['13:00', '14:30', '15:00']"
P0183,Chris Lee,Charlie,"['2025-11-01', '2025-10-30']","['13:00', '8:30', '8:00']"
P0184,Morgan Lee,Max,"['2025-11-03', '2025-10-27', '2025-11-01']","['10:00', '14:30']"
P0185,Sam Clark,Rocky,"['2025-10-31', '2025-10-25', '2025-11-04', '2025-11-02', '2025-10-28']","['8:00', '13:00', '11:00', '16:30']"
P0186,John Davis,Max,"['2025-11-05', '2025-10-30', '2025-10-29']","['9:30', '14:00', '12:30']"
P0187,Chris Doe,Buddy,"['2025-10-29', '2025-11-01', '2025-11-02', '2025-11-03']","['14:30', '10:00', '13:00', '15:00']"
P0188,Morgan Lee,Max,"['2025-10-31', '2025-10-25', '2025-10-28']","['10:00', '11:00', '8:00']"
P0189,Jamie Hall,Charlie,"['2025-10-30', '2025-11-04']","['14:00', '12:00']"
P0190,Casey Hall,Buddy,"['2025-11-04', '2025-10-26']","['8:30', '9:30']"
P0191,Sam Clark,Rocky,"['2025-11-02', '2025-10-29']","['10:00', '11:00', '8:00', '16:30', '16:00']"
P0192,Jane Davis,Milo,"['2025-11-03', '2025-11-05', '2025-10-27', '2025-10-31']","['16:00', '9:30']"
P0193,Pat Doe,Bella,"['2025-10-28', '2025-11-03', '2025-11-05', '2025-10-29', '2025-11-04']","['14:30', '12:30', '10:30', '8:00']"
P0194,Casey Clark,Max,"['2025-10-30', '2025-10-28', '2025-10-25', '2025-11-03', '2025-10-26']","['15:30', '10:00']"
P0195,Jane Hall,Bella,"['2025-10-29', '2025-11-04']","['15:00', '12:30', '12:00']"
P0196,Morgan Doe,Bella,"['2025-10-25', '2025-10-29', '2025-10-30']","['14:30', '9:30', '16:00', '16:30']"
P0197,John Doe,Charlie,"['2025-10-30', '2025-11-05', '2025-11-01']","['9:00', '13:30', '13:00', '16:30']"
P0198,Jane Clark,Rocky,"['2025-10-29', '2025-10-31', '2025-11-01', '2025-11-04', '2025-10-27']","['10:00', '8:30']"
P0199,Chris Doe,Rocky,"['2025-11-03', '2025-11-04', '2025-11-01', '2025-10-27', '2025-10-31']","['8:00', '10:00', '15:30', '15:00']"
P0200,Morgan Doe,Rocky,"['2025-10-25', '2025-10-26', '2025-10-29', '2025-10-30', '2025-11-05']","['13:00', '16:00', '9:30']"
P0201,Sam Davis,Max,"['2025-10-30', '2025-11-04', '2025-10-31', '2025-10-27', '2025-10-25']","['10:30', '16:00']"
P0202,Morgan Clark,Charlie,"['2025-11-01', '2025-10-30']","['13:00', '12:00', '8:30']"
P0203,Casey Brown,Milo,"['2025-10-31', '2025-10-28', '2025-10-26', '2025-11-01', '2025-11-02']","['9:00', '15:30', '15:00', '10:30', '8:30']"
P0204,Morgan Davis,Buddy,"['2025-10-31', '2025-11-05']","['16:30', '8:00']"
P0205,Jane Hall,Coco,"['2025-11-02', '2025-11-05', '2025-10-28', '2025-11-01']","['13:30', '8:30', '11:30', '14:30']"
P0206,Morgan Lee,Milo,"['2025-11-05', '2025-11-04', '2025-10-30', '2025-11-01', '2025-10-26']","['11:30', '8:00']"
P0207,Taylor Lee,Lucy,"['2025-11-05', '2025-10-26', '2025-10-25', '2025-10-27']","['10:00', '14:30', '9:30', '16:30', '12:30']"
P0208,Alex Brown,Bella,"['2025-10-28', '2025-11-01', '2025-11-05', '2025-10-30', '2025-10-26']","['8:30', '9:30', '15:00', '11:30', '13:00']"
P0209,Jamie Hall,Charlie,"['2025-10-25', '2025-11-02', '2025-11-05', '2025-11-04', '2025-10-31']","['16:00', '10:30', '16:30', '13:30', '14:30']"
P0210,Chris Doe,Rocky,"['2025-11-02', '2025-10-31', '2025-11-04', '2025-10-28']","['14:00', '13:00', '12:30', '11:30']"
P0211,Chris Brown,Rocky,"['2025-11-05', '2025-11-02', '2025-10-30', '2025-11-04']","['11:00', '16:30', '12:30']"
P0212,Taylor Davis,Charlie,"['2025-11-02', '2025-11-05', '2025-10-30']","['13:30', '15:30']"
P0213,Jamie Hall,Rocky,"['2025-10-31', '2025-10-25', '2025-11-02', '2025-10-26']","['14:00', '10:00']"
P0214,John Davis,Buddy,"['2025-10-29', '2025-10-27', '2025-11-05']","['10:00', '8:30', '12:30', '9:30']"
P0215,Casey Doe,Luna,"['2025-10-26', '2025-11-03', '2025-11-02', '2025-10-28', '2025-10-31']","['16:00', '12:30', '8:30']"
P0216,Sam Clark,Rocky,"['2025-11-02', '2025-10-25', '2025-11-04', '2025-10-29']","['15:00', '11:30', '13:30']"
P0217,Jamie Hall,Coco,"['2025-11-05', '2025-10-28', '2025-10-29']","['10:30', '9:00', '16:30', '16:00', '13:30']"
P0218,Casey Doe,Rocky,"['2025-10-31', '2025-10-29']","['10:00', '10:30', '12:00', '8:00']"
P0219,Taylor Clark,Charlie,"['2025-10-27', '2025-10-30']","['12:30', '15:30']"
P0220,Jamie Hall,Luna,"['2025-11-05', '2025-10-30']","['10:30', '16:00', '9:00']"
P0221,Casey Brown,Rocky,"['2025-10-26', '2025-10-30', '2025-10-28', '2025-11-03', '2025-11-04']","['13:30', '12:30', '11:00', '14:00']"
P0222,Jamie Hall,Daisy,"['2025-10-26', '2025-11-04']","['15:00', '11:30', '16:00', '8:00']"
P0223,Taylor Clark,Bella,"['2025-10-29', '2025-11-02', '2025-11-05', '2025-10-25', '2025-10-30']","['15:30', '8:30', '12:30', '15:00', '13:00']"
P0224,Alex Lee,Milo,"['2025-10-26', '2025-10-27']","['9:00', '11:00']"
P0225,Alex Davis,Rocky,"['2025-10-28', '2025-11-02']","['9:00', '10:00', '8:00', '11:30', '13:30']"
P0226,Taylor Doe,Bella,"['2025-10-25', '2025-10-27']","['16:30', '9:00', '11:30', '15:00']"
P0227,Pat Clark,Rocky,"['2025-11-04', '2025-10-31', '2025-11-05', '2025-10-30', '2025-10-25']","['9:30', '8:00', '9:00', '14:00', '13:30']"
P0228,Jamie Doe,Bella,"['2025-11-02', '2025-10-26', '2025-10-29', '2025-11-03']","['12:30', '15:00']"
P0229,Sam Clark,Buddy,"['2025-10-27', '2025-11-02', '2025-10-28', '2025-11-05', '2025-10-31']","['10:00', '12:30', '13:30', '8:00']"
P0230,Casey Hall,Charlie,"['2025-10-25', '2025-11-05']","['16:30', '9:00', '12:30', '9:30', '13:30']"
P0231,Taylor Brown,Rocky,"['2025-10-27', '2025-11-05', '2025-10-28']","['11:00', '9:30', '10:30', '13:00']"
P0232,Jamie Doe,Milo,"['2025-11-04', '2025-11-02', '2025-10-26', '2025-10-29', '2025-11-03']","['9:30', '11:00', '15:30', '10:30']"
P0233,Taylor Brown,Max,"['2025-10-29', '2025-11-03']","['11:00', '13:00']"
P0234,Morgan Clark,Luna,"['2025-11-05', '2025-11-03', '2025-10-27', '2025-10-30']","['14:30', '10:30', '8:00', '16:00']"
P0235,Alex Brown,Rocky,"['2025-10-30', '2025-10-27', '2025-11-05', '2025-11-01']","['15:00', '13:30', '12:30', '11:30', '12:00']"
P0236,Jane Brown,Coco,"['2025-10-29', '2025-10-27']","['12:00', '9:00', '16:00']"
P0237,John Hall,Buddy,"['2025-11-03', '2025-10-28', '2025-10-25', '2025-11-02', '2025-10-29']","['10:00', '13:30', '14:00', '9:30', '15:30']"
P0238,Jamie Davis,Lucy,"['2025-11-01', '2025-11-02', '2025-11-04']","['14:00', '13:30']"
P0239,Casey Doe,Max,"['2025-11-02', '2025-10-27', '2025-11-01']","['10:30', '10:00', '15:30']"
P0240,Taylor Doe,Max,"['2025-10-28', '2025-10-26', '2025-10-29', '2025-10-30', '2025-11-05']","['11:00', '16:00']"
P0241,Taylor Clark,Daisy,"['2025-10-25', '2025-11-05', '2025-10-30', '2025-10-26', '2025-10-29']","['16:30', '10:30', '14:00', '13:00']"
P0242,Sam Lee,Coco,"['2025-11-02', '2025-10-29']","['11:30', '16:00', '14:00', '10:30', '14:30']"
P0243,Taylor Clark,Daisy,"['2025-11-02', '2025-10-27']","['10:30', '11:30', '9:00', '12:00', '13:00']"
P0244,Pat Brown,Charlie,"['2025-10-27', '2025-10-30', '2025-11-03']","['11:30', '14:30']"
P0245,Taylor Davis,Bella,"['2025-11-04', '2025-11-01', '2025-11-05', '2025-10-28', '2025-10-27']","['8:00', '11:30', '8:30', '9:00', '12:30']"
P0246,Jamie Brown,Charlie,"['2025-11-03', '2025-10-27']","['10:30', '12:00']"
P0247,Chris Hall,Rocky,"['2025-11-05', '2025-11-04']","['9:00', '11:00', '15:00', '12:30']"
P0248,Morgan Clark,Charlie,"['2025-10-31', '2025-11-03', '2025-10-27']","['16:00', '12:00', '10:30']"
P0249,Taylor Clark,Coco,"['2025-10-28', '2025-10-31']","['10:00', '9:30', '8:00', '16:00', '12:00']"
P0250,Casey Davis,Rocky,"['2025-11-03', '2025-10-26', '2025-10-27']","['8:30', '16:00', '9:30', '16:30', '11:30']"
P0251,Chris Hall,Milo,"['2025-11-04', '2025-11-05']","['16:00', '14:30', '13:30', '16:30', '8:00']"
P0252,Casey Clark,Max,"['2025-10-31', '2025-10-30', '2025-11-03', '2025-10-26', '2025-11-05']","['12:00', '15:30', '11:30']"
P0253,Jane Lee,Coco,"['2025-10-29', '2025-10-28', '2025-10-25', '2025-11-03', '2025-10-26']","['14:00', '11:00']"
P0254,Taylor Clark,Luna,"['2025-10-27', '2025-10-31']","['12:00', '14:30', '13:30', '12:30']"
P0255,Pat Davis,Rocky,"['2025-10-31', '2025-11-02', '2025-11-04']","['10:30', '13:30', '15:30', '10:00', '15:00']"
P0256,Jamie Lee,Rocky,"['2025-11-04', '2025-10-26', '2025-10-28']","['10:30', '9:30', '11:00', '12:00', '15:30']"
P0257,Taylor Hall,Coco,"['2025-10-27', '2025-10-31']","['9:00', '10:00']"
P0258,Morgan Hall,Rocky,"['2025-10-26', '2025-10-29']","['13:30', '9:00', '8:30']"
P0259,Sam Clark,Coco,"['2025-11-05', '2025-11-03', '2025-10-25', '2025-10-27']","['15:00', '8:00', '11:00', '14:30', '13:00']"
P0260,Casey Lee,Max,"['2025-11-03', '2025-11-02']","['10:30', '8:30', '13:30']"
P0261,Alex Davis,Buddy,"['2025-10-26', '2025-10-29', '2025-10-31']","['14:00', '16:30', '11:00', '12:00']"
P0262,John Davis,Bella,"['2025-11-02', '2025-10-29']","['13:30', '12:00', '11:30', '12:30']"
P0263,Alex Clark,Rocky,"['2025-10-29', '2025-10-27']","['16:00', '9:30', '9:00', '12:00', '10:00']"
P0264,Taylor Doe,Milo,"['2025-11-02', '2025-11-03', '2025-10-29', '2025-11-01']","['15:30', '11:30', '13:00', '14:00', '16:00']"
P0265,Morgan Hall,Buddy,"['2025-10-26', '2025-10-29', '2025-11-05', '2025-10-31', '2025-10-28']","['13:00', '14:30', '13:30']"
P0266,Casey Hall,Buddy,"['2025-10-28', '2025-10-29', '2025-10-26', '2025-10-31']","['9:00', '10:30', '15:30', '16:00']"
P0267,Taylor Brown,Coco,"['2025-10-27', '2025-11-04', '2025-10-28', '2025-11-01']","['11:30', '16:30', '12:00']"
P0268,Alex Brown,Max,"['2025-11-03', '2025-10-30', '2025-10-27']","['9:30', '9:00']"
P0269,Morgan Hall,Buddy,"['2025-11-01', '2025-10-30']","['15:30', '12:00', '16:30', '9:00']"
P0270,Casey Lee,Rocky,"['2025-11-03', '2025-10-27', '2025-10-25']","['15:30', '8:30', '13:30', '11:00', '14:30']"
P0271,Chris Clark,Bella,"['2025-10-30', '2025-10-25', '2025-11-04', '2025-10-28', '2025-10-31']","['13:00', '13:30']"
P0272,Jamie Lee,Charlie,"['2025-10-28', '2025-10-29', '2025-11-01', '2025-10-30']","['10:30', '15:30', '14:30', '9:30']"
P0273,Sam Davis,Luna,"['2025-10-31', '2025-10-29', '2025-11-01', '2025-10-27']","['11:30', '9:30', '12:00']"
P0274,Alex Hall,Rocky,"['2025-10-28', '2025-10-27', '2025-11-04', '2025-11-01', '2025-10-25']","['14:30', '15:30', '10:00']"
P0275,Casey Hall,Luna,"['2025-10-29', '2025-11-05', '2025-11-02', '2025-10-25', '2025-10-31']","['10:30', '8:30']"
P0276,Alex Lee,Daisy,"['2025-11-01', '2025-10-30']","['13:30', '16:30', '12:00', '10:30']"
P0277,John Clark,Bella,"['2025-11-04', '2025-11-03', '2025-10-28', '2025-11-02']","['12:30', '13:30', '13:00']"
P0278,Casey Clark,Daisy,"['2025-10-31', '2025-11-03']","['15:00', '10:00', '10:30', '13:00']"
P0279,Taylor Clark,Coco,"['2025-10-26', '2025-11-05', '2025-10-27', '2025-10-30', '2025-10-28']","['13:00', '12:30', '12:00', '16:00']"
P0280,Sam Lee,Daisy,"['2025-11-05', '2025-11-03', '2025-11-02', '2025-11-01']","['10:30', '16:30', '8:00', '9:00', '13:30']"
P0281,Alex Davis,Lucy,"['2025-10-28', '2025-10-27']","['9:30', '16:30', '9:00', '15:00', '11:30']"
P0282,Casey Doe,Buddy,"['2025-11-02', '2025-10-26', '2025-11-04', '2025-10-29', '2025-10-27']","['14:00', '12:30']"
P0283,Alex Brown,Lucy,"['2025-11-04', '2025-10-27', '2025-11-05', '2025-11-02', '2025-11-03']","['8:30', '13:30']"
P0284,Taylor Clark,Daisy,"['2025-11-02', '2025-11-01', '2025-10-27', '2025-11-05']","['15:00', '14:30', '12:30']"
P0285,Taylor Clark,Milo,"['2025-10-26', '2025-11-01', '2025-10-29']","['14:30', '12:00', '10:00', '15:30']"
P0286,John Doe,Milo,"['2025-10-30', '2025-10-29', '2025-11-01']","['15:30', '16:30']"
P0287,Pat Doe,Rocky,"['2025-11-03', '2025-10-28', '2025-10-25', '2025-11-02']","['11:00', '14:30', '16:00', '16:30']"
P0288,Alex Brown,Rocky,"['2025-10-28', '2025-10-29', '2025-10-26', '2025-10-31', '2025-11-05']","['12:30', '12:00', '14:30', '9:30']"
P0289,Jane Brown,Charlie,"['2025-10-26', '2025-11-04', '2025-11-01', '2025-11-03']","['15:30', '11:00', '13:00', '8:00']"
P0290,Chris Doe,Milo,"['2025-10-27', '2025-10-26']","['12:00', '10:00', '15:00', '13:30']"
P0291,John Brown,Bella,"['2025-10-25', '2025-11-01', '2025-10-28']","['14:30', '12:30', '15:30', '10:30']"
P0292,Morgan Davis,Buddy,"['2025-10-26', '2025-10-27', '2025-10-25', '2025-10-29']","['9:00', '15:30', '10:30', '9:30', '14:30']"
P0293,Pat Clark,Buddy,"['2025-11-05', '2025-10-28']","['15:00', '11:30', '8:30', '9:30', '16:00']"
P0294,Jane Hall,Max,"['2025-10-31', '2025-11-04', '2025-10-29', '2025-10-30', '2025-10-27']","['16:30', '16:00']"
P0295,Jane Lee,Daisy,"['2025-10-28', '2025-10-30', '2025-10-25', '2025-11-05']","['11:30', '14:30']"
P0296,Taylor Doe,Charlie,"['2025-11-03', '2025-10-26', '2025-10-31', '2025-10-28']","['8:30', '15:30']"
P0297,Jamie Brown,Luna,"['2025-10-28', '2025-10-27']","['9:00', '13:00', '8:30', '8:00', '10:30']"
P0298,Chris Davis,Milo,"['2025-10-27', '2025-11-01']","['13:00', '13:30', '15:00']"
P0299,Alex Doe,Rocky,"['2025-11-05', '2025-10-27', '2025-10-29', '2025-10-25']","['15:00', '12:30', '15:30', '9:30', '16:00']"
P0300,Chris Hall,Luna,"['2025-11-05', '2025-11-01', '2025-10-29', '2025-11-02']","['9:00', '16:00', '10:00']"
P0301,Morgan Lee,Lucy,"['2025-11-01', '2025-10-25', '2025-11-02', '2025-10-31']","['8:00', '13:30', '11:30']"
P0302,Taylor Davis,Bella,"['2025-10-28', '2025-11-02', '2025-11-01', '2025-11-04', '2025-10-27']","['13:00', '14:30', '16:30', '8:30']"
P0303,Jane Hall,Bella,"['2025-10-27', '2025-11-05']","['11:00', '9:30']"
P0304,Morgan Brown,Bella,"['2025-11-03', '2025-11-04']","['15:30', '16:00', '12:00', '8:00', '10:30']"
P0305,Alex Hall,Bella,"['2025-10-28', '2025-11-04']","['9:00', '15:00', '8:30', '10:30', '12:00']"
P0306,Sam Lee,Buddy,"['2025-11-02', '2025-10-25', '2025-10-26', '2025-10-29']","['11:00', '16:00']"
P0307,Jane Doe,Max,"['2025-10-28', '2025-11-05', '2025-11-02', '2025-11-04', '2025-10-27']","['9:30', '13:30', '15:00', '16:00', '13:00']"
P0308,Sam Doe,Charlie,"['2025-11-02', '2025-10-31', '2025-11-05']","['10:30', '15:00', '13:30', '16:00']"
P0309,Taylor Hall,Luna,"['2025-10-31', '2025-11-04', '2025-11-05', '2025-10-30']","['16:30', '11:00', '14:00']"
P0310,Casey Davis,Lucy,"['2025-11-01', '2025-11-05', '2025-10-31', '2025-10-25']","['12:30', '8:00']"
P0311,Casey Brown,Lucy,"['2025-10-29', '2025-10-28']","['13:00', '8:00', '12:00']"
P0312,Casey Hall,Milo,"['2025-10-26', '2025-10-25', '2025-11-01']","['10:00', '16:30', '12:00', '10:30']"
P0313,Jamie Brown,Max,"['2025-10-29', '2025-10-26', '2025-11-03', '2025-10-31']","['9:00', '13:00', '15:30']"
P0314,Chris Clark,Coco,"['2025-11-03', '2025-11-04']","['8:30', '14:00', '9:00', '16:00']"
P0315,John Lee,Luna,"['2025-10-31', '2025-10-26', '2025-10-28', '2025-10-25', '2025-11-05']","['12:30', '16:00']"
P0316,John Lee,Milo,"['2025-10-30', '2025-11-02', '2025-10-28']","['8:30', '14:00', '15:00']"
P0317,Jamie Hall,Milo,"['2025-10-28', '2025-10-31']","['14:00', '10:00', '16:00', '10:30']"
P0318,Jane Clark,Coco,"['2025-11-02', '2025-10-31']","['9:00', '14:00', '14:30', '16:00']"
P0319,Chris Brown,Daisy,"['2025-11-01', '2025-10-31', '2025-11-03']","['16:30', '16:00', '11:30']"
P0320,Alex Doe,Lucy,"['2025-10-30', '2025-11-04', '2025-11-03', '2025-10-26', '2025-11-02']","['14:30', '13:30', '16:00', '9:30', '10:30']"
P0321,Taylor Hall,Buddy,"['2025-10-27', '2025-10-30', '2025-11-03', '2025-11-01']","['15:00', '8:30', '11:30']"
P0322,Alex Davis,Luna,"['2025-11-05', '2025-10-26', '2025-11-04']","['11:30', '10:00']"
P0323,Pat Doe,Luna,"['2025-10-29', '2025-11-01']","['8:00', '13:00', '11:00', '13:30', '12:00']"
P0324,Alex Brown,Milo,"['2025-11-02', '2025-11-01', '2025-11-03', '2025-10-27']","['14:00', '16:00']"
P0325,John Lee,Charlie,"['2025-10-29', '2025-10-28']","['8:30', '15:00', '8:00', '16:30']"
P0326,Sam Davis,Lucy,"['2025-10-26', '2025-10-25', '2025-10-29', '2025-10-31']","['14:00', '16:00', '9:30']"
P0327,Taylor Clark,Coco,"['2025-10-27', '2025-10-28']","['16:30', '8:00', '8:30', '9:30', '12:00']"
P0328,Pat Lee,Daisy,"['2025-11-05', '2025-10-27', '2025-10-25', '2025-10-30', '2025-11-02']","['12:30', '11:30', '12:00', '14:00']"
P0329,John Davis,Lucy,"['2025-10-25', '2025-11-02', '2025-10-29', '2025-10-28', '2025-10-27']","['14:00', '10:00', '9:00', '13:30']"
P0330,Sam Hall,Coco,"['2025-10-31', '2025-10-28', '2025-11-03']","['14:30', '12:30', '13:00']"
P0331,Morgan Hall,Charlie,"['2025-11-04', '2025-10-27', '2025-11-03']","['10:00', '12:30', '16:30']"
P0332,Sam Brown,Coco,"['2025-10-30', '2025-10-26', '2025-11-02']","['10:30', '13:00']"
P0333,Chris Davis,Buddy,"['2025-10-31', '2025-11-05', '2025-10-29', '2025-11-01']","['10:00', '11:00', '9:30', '9:00']"
P0334,Chris Doe,Coco,"['2025-11-03', '2025-11-05', '2025-11-04', '2025-10-28']","['11:30', '8:00', '13:30']"
P0335,Jane Davis,Daisy,"['2025-11-02', '2025-11-03', '2025-11-01']","['10:30', '14:00', '15:30', '11:30']"
P0336,Chris Brown,Max,"['2025-10-25', '2025-10-31', '2025-11-05']","['14:30', '11:30', '11:00', '14:00']"
P0337,Alex Doe,Charlie,"['2025-11-03', '2025-11-01', '2025-10-30', '2025-11-04', '2025-10-28']","['14:00', '8:30', '16:30', '13:30', '10:30']"
P0338,Sam Hall,Coco,"['2025-11-02', '2025-10-26']","['15:00', '8:30', '11:30', '12:00', '16:30']"
P0339,Sam Davis,Buddy,"['2025-11-02', '2025-11-04', '2025-10-25', '2025-10-28', '2025-10-29']","['14:00', '12:30', '16:00', '11:30', '9:00']"
P0340,Sam Lee,Coco,"['2025-11-05', '2025-11-02']","['15:00', '16:30', '9:00']"
P0341,Casey Doe,Charlie,"['2025-10-31', '2025-11-05', '2025-10-30']","['8:00', '10:30', '15:00', '12:30', '13:30']"
P0342,Alex Clark,Bella,"['2025-10-30', '2025-11-04', '2025-10-27', '2025-10-26']","['9:30', '15:00']"
P0343,Taylor Doe,Milo,"['2025-11-05', '2025-11-02', '2025-11-03', '2025-10-27', '2025-10-31']","['8:30', '10:30', '13:00', '12:30', '14:30']"
P0344,Chris Brown,Charlie,"['2025-11-05', '2025-10-25', '2025-10-31']","['12:30', '15:00', '16:30', '13:00']"
P0345,Chris Doe,Charlie,"['2025-10-25', '2025-11-03', '2025-10-29']","['15:00', '15:30']"
P0346,Morgan Hall,Buddy,"['2025-10-28', '2025-11-05', '2025-11-03', '2025-11-01', '2025-11-02']","['15:00', '9:00', '8:00', '9:30', '12:00']"
P0347,Pat Hall,Milo,"['2025-10-25', '2025-10-27', '2025-11-04']","['13:30', '8:30']"
P0348,Chris Doe,Coco,"['2025-10-30', '2025-10-26', '2025-10-25', '2025-11-04']","['10:30', '16:30', '12:30', '15:30', '13:00']"
P0349,Jamie Hall,Milo,"['2025-11-01', '2025-11-03', '2025-10-30']","['9:00', '12:30']"
P0350,Taylor Lee,Rocky,"['2025-10-31', '2025-11-02']","['12:30', '15:30']"
P0351,Chris Doe,Lucy,"['2025-11-02', '2025-10-31', '2025-11-05', '2025-10-28']","['8:30', '9:30', '9:00']"
P0352,Morgan Davis,Coco,"['2025-10-31', '2025-11-03', '2025-10-30', '2025-10-29']","['10:00', '15:30', '16:00', '11:30']"
P0353,Chris Hall,Max,"['2025-10-28', '2025-10-25', '2025-10-26', '2025-11-04']","['9:30', '11:00', '14:30', '16:00', '8:00']"
P0354,Taylor Lee,Milo,"['2025-10-25', '2025-11-04', '2025-10-28']","['12:00', '9:00', '12:30', '10:00']"
P0355,Casey Hall,Luna,"['2025-10-26', '2025-11-04']","['13:00', '14:00', '8:00', '14:30']"
P0356,Chris Brown,Luna,"['2025-11-04', '2025-11-01', '2025-11-05', '2025-10-25']","['15:30', '10:00', '15:00']"
P0357,Casey Lee,Daisy,"['2025-11-05', '2025-10-25', '2025-11-02', '2025-10-29', '2025-10-30']","['11:00', '13:00']"
P0358,Taylor Doe,Charlie,"['2025-10-25', '2025-10-30', '2025-10-31', '2025-11-02']","['14:00', '10:30', '9:30']"
P0359,Pat Davis,Luna,"['2025-10-29', '2025-10-31']","['15:30', '11:30']"
P0360,Taylor Clark,Lucy,"['2025-11-02', '2025-10-29', '2025-10-27']","['13:30', '8:30']"
P0361,Alex Doe,Daisy,"['2025-11-01', '2025-11-02']","['11:00', '13:00', '15:30']"
P0362,Casey Lee,Luna,"['2025-10-26', '2025-11-02', '2025-10-27']","['8:30', '15:00', '14:00']"
P0363,Casey Doe,Buddy,"['2025-10-25', '2025-11-04', '2025-11-03', '2025-10-26']","['15:00', '8:30', '9:30', '12:00']"
P0364,Pat Doe,Coco,"['2025-11-04', '2025-10-28', '2025-10-30', '2025-11-05']","['12:30', '12:00', '13:00']"
P0365,Morgan Davis,Bella,"['2025-10-27', '2025-11-05', '2025-10-29', '2025-10-26']","['16:30', '16:00']"
P0366,Jane Brown,Milo,"['2025-11-02', '2025-10-30', '2025-10-29', '2025-10-27']","['11:30', '10:30', '9:00', '10:00']"
P0367,Jamie Lee,Milo,"['2025-10-25', '2025-10-27', '2025-11-05', '2025-11-01', '2025-11-03']","['14:00', '8:30']"
P0368,Jane Clark,Rocky,"['2025-11-05', '2025-11-03', '2025-11-04']","['13:30', '12:30', '13:00', '14:30', '9:30']"
P0369,Casey Doe,Daisy,"['2025-10-26', '2025-11-01', '2025-11-05']","['12:30', '15:00', '15:30', '9:30', '16:00']"
P0370,Chris Hall,Lucy,"['2025-10-31', '2025-10-27', '2025-10-30', '2025-11-03']","['15:30', '8:00', '9:00', '11:30', '8:30']"
P0371,Taylor Clark,Daisy,"['2025-10-29', '2025-10-30', '2025-11-03']","['16:00', '9:30', '14:00']"
P0372,Jane Lee,Milo,"['2025-10-29', '2025-11-02']","['14:00', '14:30', '11:30', '12:30', '9:30']"
P0373,Casey Brown,Daisy,"['2025-10-26', '2025-10-30', '2025-10-28', '2025-10-31', '2025-11-02']","['16:30', '11:30', '10:30', '13:00']"
P0374,Jane Davis,Coco,"['2025-10-26', '2025-11-03', '2025-11-04', '2025-11-01', '2025-10-30']","['15:00', '10:30']"
P0375,Pat Clark,Bella,"['2025-11-04', '2025-11-03']","['13:00', '15:30', '8:30', '16:00', '9:30']"
P0376,Chris Hall,Buddy,"['2025-11-04', '2025-10-27', '2025-11-01']","['14:00', '15:00', '11:00', '9:30']"
P0377,Taylor Lee,Coco,"['2025-10-31', '2025-10-30', '2025-10-26', '2025-10-25']","['10:00', '12:30', '8:30', '10:30', '12:00']"
P0378,John Doe,Milo,"['2025-10-26', '2025-10-29', '2025-10-25', '2025-10-28']","['14:00', '13:00', '16:30', '11:00', '15:00']"
P0379,Sam Hall,Max,"['2025-11-01', '2025-10-27', '2025-10-28']","['13:30', '14:30', '10:00', '15:30', '16:00']"
P0380,Chris Brown,Buddy,"['2025-11-04', '2025-10-25']","['15:30', '14:30', '10:00']"
P0381,Jane Brown,Rocky,"['2025-11-05', '2025-11-03', '2025-10-31', '2025-10-27', '2025-11-01']","['16:30', '15:00', '14:00', '10:30', '9:30']"
P0382,Chris Clark,Coco,"['2025-11-03', '2025-11-01']","['16:00', '12:00', '14:30']"
P0383,Casey Hall,Luna,"['2025-10-25', '2025-11-03']","['13:30', '9:30', '15:30', '16:30', '8:30']"
P0384,Chris Davis,Milo,"['2025-11-01', '2025-11-02', '2025-10-26', '2025-11-04']","['11:30', '15:30']"
P0385,Jane Davis,Milo,"['2025-11-03', '2025-10-25', '2025-10-30', '2025-11-02']","['15:30', '15:00']"
P0386,Casey Clark,Coco,"['2025-10-31', '2025-10-30', '2025-10-29', '2025-11-03']","['8:30', '12:30', '12:00']"
P0387,John Davis,Daisy,"['2025-11-03', '2025-10-25', '2025-10-29']","['12:30', '15:30']"
P0388,Jane Brown,Milo,"['2025-10-29', '2025-11-05']","['12:00', '16:30', '16:00']"
P0389,John Davis,Bella,"['2025-11-03', '2025-10-27', '2025-11-01']","['10:30', '12:00', '11:30', '15:30']"
P0390,Chris Hall,Buddy,"['2025-10-26', '2025-10-27', '2025-11-03', '2025-11-04']","['14:30', '14:00', '11:30', '13:00', '15:30']"
P0391,Chris Brown,Coco,"['2025-10-25', '2025-11-04', '2025-10-29', '2025-10-26']","['10:30', '15:00']"
P0392,Sam Clark,Lucy,"['2025-11-05', '2025-11-02', '2025-10-28', '2025-10-31', '2025-11-04']","['12:00', '10:00', '14:30', '8:00', '16:00']"
P0393,Morgan Clark,Luna,"['2025-10-26', '2025-11-02']","['14:30', '12:00', '13:00', '10:00']"
P0394,Pat Doe,Lucy,"['2025-11-01', '2025-11-04', '2025-10-28', '2025-11-03', '2025-10-30']","['13:00', '8:00', '16:00']"
P0395,Jane Doe,Rocky,"['2025-11-02', '2025-10-26']","['13:30', '11:30', '12:30', '10:00', '9:30']"
P0396,John Doe,Coco,"['2025-10-25', '2025-11-03']","['9:30', '16:30', '9:00']"
P0397,Jamie Brown,Rocky,"['2025-10-26', '2025-10-27', '2025-10-29']","['15:00', '9:00', '16:30', '15:30']"
P0398,Pat Clark,Luna,"['2025-10-27', '2025-10-26', '2025-10-29', '2025-10-25']","['14:00', '13:00', '8:30', '10:00', '14:30']"
P0399,Pat Brown,Daisy,"['2025-11-01', '2025-10-28']","['10:30', '15:30', '9:30', '9:00', '12:00']"
P0400,Sam Brown,Coco,"['2025-11-01', '2025-10-29']","['8:30', '9:00']"
P0401,Jane Hall,Lucy,"['2025-10-25', '2025-11-01', '2025-10-27', '2025-11-05', '2025-11-02']","['12:00', '10:00', '13:00', '15:00', '11:00']"
P0402,Jamie Doe,Milo,"['2025-11-01', '2025-10-31', '2025-11-04', '2025-10-26', '2025-10-28']","['14:00', '15:30']"
P0403,Jane Hall,Milo,"['2025-10-30', '2025-11-04', '2025-10-29', '2025-10-31']","['9:00', '13:30']"
P0404,Casey Lee,Bella,"['2025-10-29', '2025-11-04', '2025-10-28', '2025-10-27', '2025-10-25']","['11:00', '12:30', '14:00', '15:00', '8:30']"
P0405,Taylor Clark,Bella,"['2025-11-05', '2025-10-28', '2025-10-27', '2025-10-25', '2025-11-04']","['11:30', '15:30']"
P0406,Sam Doe,Milo,"['2025-11-01', '2025-11-02', '2025-11-05', '2025-10-25']","['13:00', '8:30']"
P0407,Taylor Davis,Buddy,"['2025-10-26', '2025-10-28', '2025-11-02', '2025-11-01', '2025-10-27']","['9:00', '8:30', '10:00']"
P0408,Morgan Davis,Buddy,"['2025-11-03', '2025-10-25', '2025-10-28', '2025-10-27', '2025-11-04']","['8:30', '12:30', '9:30']"
P0409,Morgan Hall,Charlie,"['2025-10-26', '2025-11-05']","['11:30', '9:00', '11:00', '15:30', '10:30']"
P0410,Sam Lee,Bella,"['2025-10-30', '2025-10-28', '2025-10-25']","['13:00', '9:00', '9:30']"
P0411,Pat Brown,Rocky,"['2025-11-05', '2025-10-30', '2025-11-02']","['15:00', '11:30', '8:30']"
P0412,Chris Doe,Coco,"['2025-10-27', '2025-10-25', '2025-11-01', '2025-10-26', '2025-11-04']","['10:30', '9:00']"
P0413,Jamie Lee,Rocky,"['2025-11-05', '2025-10-27', '2025-10-28', '2025-11-04', '2025-10-29']","['14:30', '11:30', '10:30', '12:30', '13:30']"
P0414,John Hall,Charlie,"['2025-11-03', '2025-10-26', '2025-10-29', '2025-10-30', '2025-10-31']","['16:30', '11:30']"
P0415,Alex Doe,Milo,"['2025-11-03', '2025-10-30']","['15:00', '11:00', '12:00']"
P0416,John Brown,Bella,"['2025-11-04', '2025-11-01', '2025-11-05']","['10:30', '8:30', '16:00']"
P0417,Taylor Lee,Max,"['2025-10-29', '2025-10-30', '2025-11-03', '2025-11-01', '2025-10-25']","['8:30', '10:30']"
P0418,Chris Doe,Daisy,"['2025-10-26', '2025-10-28']","['13:00', '14:30', '11:00', '13:30', '16:30']"
P0419,Taylor Brown,Bella,"['2025-10-28', '2025-10-26', '2025-11-05', '2025-10-31']","['14:00', '11:30', '9:00']"
P0420,Morgan Hall,Daisy,"['2025-10-31', '2025-10-27']","['15:00', '10:30', '14:00']"
P0421,Taylor Brown,Daisy,"['2025-11-04', '2025-10-30', '2025-10-29']","['13:00', '10:00', '8:30']"
P0422,Jamie Doe,Lucy,"['2025-10-26', '2025-11-01', '2025-11-04']","['10:30', '13:00', '11:30', '15:00', '10:00']"
P0423,Jamie Brown,Coco,"['2025-11-03', '2025-11-02', '2025-10-28']","['14:30', '16:00']"
P0424,Morgan Brown,Coco,"['2025-11-01', '2025-10-29', '2025-10-25', '2025-10-31', '2025-10-28']","['13:00', '14:30', '11:30']"
P0425,Jamie Brown,Coco,"['2025-10-31', '2025-10-25']","['15:30', '16:00']"
P0426,John Clark,Milo,"['2025-11-01', '2025-10-26', '2025-11-05', '2025-11-03', '2025-10-28']","['16:30', '8:00']"
P0427,Sam Brown,Charlie,"['2025-10-29', '2025-10-28', '2025-10-26', '2025-10-25']","['12:30', '10:30', '15:00', '14:30', '16:30']"
P0428,Jamie Doe,Daisy,"['2025-10-27', '2025-10-31', '2025-11-05', '2025-10-30', '2025-11-01']","['9:00', '14:00']"
P0429,Taylor Hall,Buddy,"['2025-10-31', '2025-10-29', '2025-11-03', '2025-11-02']","['9:00', '13:00', '8:30']"
P0430,Casey Davis,Luna,"['2025-10-26', '2025-10-31']","['15:00', '8:30', '13:30', '10:30']"
P0431,Chris Davis,Milo,"['2025-11-02', '2025-10-28']","['13:00', '11:30', '9:30']"
P0432,Morgan Davis,Coco,"['2025-11-05', '2025-10-28', '2025-10-30']","['12:00', '16:00', '14:30', '10:00']"
P0433,John Doe,Luna,"['2025-11-01', '2025-11-05', '2025-11-02', '2025-11-03']","['15:30', '12:30']"
P0434,Morgan Hall,Luna,"['2025-10-28', '2025-11-01']","['9:00', '14:00']"
P0435,Chris Lee,Bella,"['2025-10-27', '2025-10-29']","['10:00', '15:30']"
P0436,Chris Brown,Milo,"['2025-10-29', '2025-10-31']","['15:30', '13:30', '14:30']"
P0437,Morgan Davis,Buddy,"['2025-10-28', '2025-10-26', '2025-10-25', '2025-11-05']","['14:30', '13:00', '16:00', '11:30']"
P0438,Jamie Davis,Milo,"['2025-11-01', '2025-10-29', '2025-11-03', '2025-10-27', '2025-11-04']","['12:00', '11:30', '15:30']"
P0439,Taylor Lee,Buddy,"['2025-10-30', '2025-10-29', '2025-11-01']","['10:30', '12:30', '16:30']"
P0440,Chris Davis,Charlie,"['2025-10-28', '2025-10-26', '2025-10-25']","['10:00', '15:00', '12:00', '10:30']"
P0441,Chris Brown,Milo,"['2025-11-04', '2025-10-30']","['10:00', '13:30', '15:00', '12:00']"
P0442,Chris Hall,Lucy,"['2025-10-25', '2025-10-31']","['10:00', '15:00', '13:00', '9:00', '8:00']"
P0443,Casey Hall,Luna,"['2025-11-01', '2025-10-29', '2025-11-03', '2025-10-27']","['13:00', '9:30', '15:30', '15:00', '8:00']"
P0444,Chris Davis,Milo,"['2025-10-29', '2025-10-25']","['11:30', '15:00', '13:30', '8:30', '10:30']"
P0445,John Hall,Max,"['2025-10-29', '2025-10-28', '2025-10-25']","['16:30', '15:00']"
P0446,Jane Hall,Rocky,"['2025-11-01', '2025-10-30', '2025-11-03']","['13:30', '14:00']"
P0447,Chris Davis,Rocky,"['2025-10-31', '2025-10-30', '2025-10-25', '2025-10-29']","['13:30', '12:30', '15:00', '14:30']"
P0448,Casey Doe,Max,"['2025-11-05', '2025-10-31', '2025-11-01', '2025-10-29', '2025-10-27']","['14:30', '10:00', '9:00', '15:30', '9:30']"
P0449,Pat Clark,Milo,"['2025-10-26', '2025-11-03', '2025-10-31', '2025-11-05']","['14:30', '12:00']"
P0450,Sam Brown,Milo,"['2025-11-05', '2025-11-03', '2025-10-27', '2025-10-28', '2025-11-04']","['12:30', '15:30', '8:30', '14:30', '15:00']"
P0451,Pat Hall,Lucy,"['2025-11-02', '2025-11-01', '2025-10-28', '2025-10-25', '2025-11-05']","['12:00', '12:30', '15:30']"
P0452,Jane Davis,Lucy,"['2025-10-27', '2025-11-01', '2025-10-28', '2025-10-25', '2025-10-26']","['15:30', '9:00', '13:30', '12:30']"
P0453,Morgan Hall,Rocky,"['2025-11-04', '2025-11-05', '2025-11-01', '2025-10-26']","['16:00', '8:00', '12:00', '9:00']"
P0454,Jamie Doe,Charlie,"['2025-11-01', '2025-10-27', '2025-10-30', '2025-11-04']","['12:00', '13:30']"
P0455,Sam Davis,Luna,"['2025-10-29', '2025-11-05']","['16:00', '11:00']"
P0456,Chris Doe,Coco,"['2025-11-02', '2025-10-30', '2025-11-04']","['12:00', '13:30', '9:30', '16:30']"
P0457,Jamie Lee,Charlie,"['2025-10-27', '2025-11-02']","['13:30', '15:30', '14:30', '10:30']"
P0458,Chris Doe,Max,"['2025-11-02', '2025-10-28', '2025-11-04']","['14:30', '15:00']"
P0459,Jane Doe,Charlie,"['2025-11-01', '2025-10-30']","['13:30', '10:00', '15:00', '15:30']"
P0460,Jamie Hall,Luna,"['2025-11-05', '2025-10-29', '2025-10-25']","['11:30', '10:00']"
P0461,Chris Davis,Max,"['2025-10-27', '2025-10-28', '2025-11-05', '2025-10-26']","['9:30', '9:00', '8:00', '14:00', '11:30']"
P0462,Sam Doe,Max,"['2025-10-25', '2025-11-04']","['15:30', '9:30']"
P0463,Pat Doe,Bella,"['2025-11-04', '2025-10-25', '2025-10-26', '2025-11-03']","['11:00', '10:30', '13:30']"
P0464,John Doe,Charlie,"['2025-11-03', '2025-10-30', '2025-11-04', '2025-10-27']","['16:00', '9:00', '9:30']"
P0465,Jamie Doe,Milo,"['2025-11-05', '2025-10-28', '2025-10-29']","['16:30', '8:00', '9:30']"
P0466,Alex Hall,Daisy,"['2025-11-05', '2025-11-03', '2025-10-27', '2025-11-01']","['10:30', '13:30']"
P0467,Sam Clark,Max,"['2025-10-31', '2025-10-26', '2025-10-30']","['15:00', '9:30']"
P0468,Casey Brown,Daisy,"['2025-11-05', '2025-10-29', '2025-11-02', '2025-10-25']","['13:00', '15:30']"
P0469,Jane Clark,Lucy,"['2025-11-03', '2025-10-29', '2025-11-01', '2025-10-28', '2025-10-31']","['14:30', '11:00', '9:00', '15:00']"
P0470,Morgan Davis,Luna,"['2025-10-25', '2025-11-04', '2025-11-01']","['14:00', '15:00']"
P0471,Casey Davis,Bella,"['2025-10-27', '2025-10-31']","['9:30', '10:30', '9:00', '16:00', '16:30']"
P0472,Taylor Brown,Coco,"['2025-10-26', '2025-10-28', '2025-10-31', '2025-11-01', '2025-10-29']","['14:00', '13:30', '15:30', '13:00']"
P0473,Jamie Clark,Daisy,"['2025-10-27', '2025-11-01', '2025-10-26', '2025-11-03']","['15:30', '16:30', '11:30', '13:00']"
P0474,Chris Doe,Bella,"['2025-10-26', '2025-11-01']","['10:30', '14:00']"
P0475,Jamie Davis,Luna,"['2025-10-29', '2025-11-03', '2025-11-04']","['9:00', '16:00']"
P0476,Morgan Clark,Max,"['2025-11-04', '2025-11-01', '2025-11-05', '2025-11-02']","['16:30', '13:00', '8:00', '14:00']"
P0477,John Clark,Bella,"['2025-11-01', '2025-10-30', '2025-10-31', '2025-11-05', '2025-11-02']","['8:30', '10:30']"
P0478,Casey Davis,Lucy,"['2025-11-01', '2025-10-31', '2025-10-27']","['14:00', '15:30', '9:30', '12:30']"
P0479,Morgan Davis,Milo,"['2025-11-01', '2025-11-02', '2025-10-27', '2025-11-04', '2025-10-25']","['12:00', '15:30', '14:00', '12:30', '13:00']"
P0480,Taylor Lee,Luna,"['2025-10-25', '2025-11-03']","['10:00', '13:30']"
P0481,Taylor Davis,Coco,"['2025-11-04', '2025-10-30']","['9:30', '14:30', '13:30', '10:30', '11:00']"
P0482,Taylor Doe,Max,"['2025-10-28', '2025-11-04', '2025-10-29']","['9:00', '12:30']"
P0483,Jane Lee,Charlie,"['2025-11-02', '2025-10-30']","['15:00', '14:30']"
P0484,Jamie Hall,Rocky,"['2025-10-25', '2025-11-01', '2025-11-03', '2025-11-05']","['14:00', '16:30', '13:00', '12:30']"
P0485,Jane Clark,Bella,"['2025-10-30', '2025-11-01', '2025-11-02']","['10:30', '12:30', '13:30', '11:00']"
P0486,Alex Clark,Bella,"['2025-10-29', '2025-11-05', '2025-10-25']","['14:00', '11:30', '9:00', '13:30']"
P0487,Jamie Doe,Coco,"['2025-10-29', '2025-10-26', '2025-11-03', '2025-11-02']","['14:30', '11:00', '13:30', '14:00', '8:30']"
P0488,Pat Hall,Lucy,"['2025-11-04', '2025-11-02', '2025-10-30', '2025-10-28', '2025-10-31']","['12:00', '16:00', '15:00', '13:00', '14:00']"
P0489,Casey Brown,Buddy,"['2025-11-03', '2025-11-01', '2025-10-28']","['12:00', '14:30', '8:30', '16:30', '9:30']"
P0490,Taylor Clark,Charlie,"['2025-10-27', '2025-11-04', '2025-10-29']","['14:30', '13:00', '9:00', '16:00', '9:30']"
P0491,Sam Lee,Lucy,"['2025-10-29', '2025-11-04', '2025-11-03']","['14:00', '11:30', '9:30']"
P0492,Chris Brown,Buddy,"['2025-10-29', '2025-11-01', '2025-11-04']","['14:30', '8:30', '11:00', '9:00', '10:00']"
P0493,Chris Doe,Lucy,"['2025-11-04', '2025-11-02', '2025-10-27', '2025-10-25']","['8:00', '8:30', '9:00', '10:30', '12:30']"
P0494,Pat Doe,Rocky,"['2025-11-04', '2025-11-05', '2025-10-26', '2025-10-31']","['11:30', '9:30', '16:00']"
P0495,Casey Davis,Coco,"['2025-11-01', '2025-10-26', '2025-10-28', '2025-11-04']","['13:00', '14:00', '11:30', '15:00']"
P0496,Sam Brown,Charlie,"['2025-10-27', '2025-10-28']","['15:00', '14:30', '12:00', '16:00']"
P0497,Jamie Doe,Daisy,"['2025-11-05', '2025-10-26', '2025-10-30', '2025-11-02']","['15:30', '11:30', '12:00', '15:00', '14:00']"
P0498,Chris Lee,Daisy,"['2025-10-29', '2025-10-25', '2025-11-03', '2025-11-04']","['11:30', '12:00']"
P0499,Casey Clark,Lucy,"['2025-11-04', '2025-10-26', '2025-11-02', '2025-10-28']","['14:00', '8:00', '16:30', '15:00', '10:00']"
P0500,Pat Doe,Max,"['2025-10-28', '2025-10-27', '2025-11-01', '2025-10-30']","['8:30', '12:00', '9:00', '14:30', '14:00']"
P0501,Emma Brown,Buddy,"['2025-10-26', '2025-10-30', '2025-10-25']","['12:30', '9:30', '14:00', '10:30']"
